"Time","V1","V2","V3","V4","V5","V6","V7","V8","V9","V10","V11","V12","V13","V14","V15","V16","V17","V18","V19","V20","V21","V22","V23","V24","V25","V26","V27","V28","Amount","Class"
0,-1.3598071336738,-0.0727811733098497,2.53634673796914,1.37815522427443,-0.338320769942518,0.462387777762292,0.239598554061257,0.0986979012610507,0.363786969611213,0.0907941719789316,-0.551599533260813,-0.617800855762348,-0.991389847235408,-0.311169353699879,1.46817697209427,-0.470400525259478,0.207971241929242,0.0257905801985591,0.403992960255733,0.251412098239705,-0.018306777944153,0.277837575558899,-0.110473910188767,0.0669280749146731,0.128539358273528,-0.189114843888824,0.133558376740387,-0.0210530534538215,149.62,"0"
0,1.19185711131486,0.26615071205963,0.16648011335321,0.448154078460911,0.0600176492822243,-0.0823608088155687,-0.0788029833323113,0.0851016549148104,-0.255425128109186,-0.166974414004614,1.61272666105479,1.06523531137287,0.48909501589608,-0.143772296441519,0.635558093258208,0.463917041022171,-0.114804663102346,-0.183361270123994,-0.145783041325259,-0.0690831352230203,-0.225775248033138,-0.638671952771851,0.101288021253234,-0.339846475529127,0.167170404418143,0.125894532368176,-0.00898309914322813,0.0147241691924927,2.69,"0"
1,-1.35835406159823,-1.34016307473609,1.77320934263119,0.379779593034328,-0.503198133318193,1.80049938079263,0.791460956450422,0.247675786588991,-1.51465432260583,0.207642865216696,0.624501459424895,0.066083685268831,0.717292731410831,-0.165945922763554,2.34586494901581,-2.89008319444231,1.10996937869599,-0.121359313195888,-2.26185709530414,0.524979725224404,0.247998153469754,0.771679401917229,0.909412262347719,-0.689280956490685,-0.327641833735251,-0.139096571514147,-0.0553527940384261,-0.0597518405929204,378.66,"0"
1,-0.966271711572087,-0.185226008082898,1.79299333957872,-0.863291275036453,-0.0103088796030823,1.24720316752486,0.23760893977178,0.377435874652262,-1.38702406270197,-0.0549519224713749,-0.226487263835401,0.178228225877303,0.507756869957169,-0.28792374549456,-0.631418117709045,-1.0596472454325,-0.684092786345479,1.96577500349538,-1.2326219700892,-0.208037781160366,-0.108300452035545,0.00527359678253453,-0.190320518742841,-1.17557533186321,0.647376034602038,-0.221928844458407,0.0627228487293033,0.0614576285006353,123.5,"0"
2,-1.15823309349523,0.877736754848451,1.548717846511,0.403033933955121,-0.407193377311653,0.0959214624684256,0.592940745385545,-0.270532677192282,0.817739308235294,0.753074431976354,-0.822842877946363,0.53819555014995,1.3458515932154,-1.11966983471731,0.175121130008994,-0.451449182813529,-0.237033239362776,-0.0381947870352842,0.803486924960175,0.408542360392758,-0.00943069713232919,0.79827849458971,-0.137458079619063,0.141266983824769,-0.206009587619756,0.502292224181569,0.219422229513348,0.215153147499206,69.99,"0"
2,-0.425965884412454,0.960523044882985,1.14110934232219,-0.168252079760302,0.42098688077219,-0.0297275516639742,0.476200948720027,0.260314333074874,-0.56867137571251,-0.371407196834471,1.34126198001957,0.359893837038039,-0.358090652573631,-0.137133700217612,0.517616806555742,0.401725895589603,-0.0581328233640131,0.0686531494425432,-0.0331937877876282,0.0849676720682049,-0.208253514656728,-0.559824796253248,-0.0263976679795373,-0.371426583174346,-0.232793816737034,0.105914779097957,0.253844224739337,0.0810802569229443,3.67,"0"
4,1.22965763450793,0.141003507049326,0.0453707735899449,1.20261273673594,0.191880988597645,0.272708122899098,-0.00515900288250983,0.0812129398830894,0.464959994783886,-0.0992543211289237,-1.41690724314928,-0.153825826253651,-0.75106271556262,0.16737196252175,0.0501435942254188,-0.443586797916727,0.00282051247234708,-0.61198733994012,-0.0455750446637976,-0.21963255278686,-0.167716265815783,-0.270709726172363,-0.154103786809305,-0.780055415004671,0.75013693580659,-0.257236845917139,0.0345074297438413,0.00516776890624916,4.99,"0"
7,-0.644269442348146,1.41796354547385,1.0743803763556,-0.492199018495015,0.948934094764157,0.428118462833089,1.12063135838353,-3.80786423873589,0.615374730667027,1.24937617815176,-0.619467796121913,0.291474353088705,1.75796421396042,-1.32386521970526,0.686132504394383,-0.0761269994382006,-1.2221273453247,-0.358221569869078,0.324504731321494,-0.156741852488285,1.94346533978412,-1.01545470979971,0.057503529867291,-0.649709005559993,-0.415266566234811,-0.0516342969262494,-1.20692108094258,-1.08533918832377,40.8,"0"
7,-0.89428608220282,0.286157196276544,-0.113192212729871,-0.271526130088604,2.6695986595986,3.72181806112751,0.370145127676916,0.851084443200905,-0.392047586798604,-0.410430432848439,-0.705116586646536,-0.110452261733098,-0.286253632470583,0.0743553603016731,-0.328783050303565,-0.210077268148783,-0.499767968800267,0.118764861004217,0.57032816746536,0.0527356691149697,-0.0734251001059225,-0.268091632235551,-0.204232669947878,1.0115918018785,0.373204680146282,-0.384157307702294,0.0117473564581996,0.14240432992147,93.2,"0"
9,-0.33826175242575,1.11959337641566,1.04436655157316,-0.222187276738296,0.49936080649727,-0.24676110061991,0.651583206489972,0.0695385865186387,-0.736727316364109,-0.366845639206541,1.01761446783262,0.836389570307029,1.00684351373408,-0.443522816876142,0.150219101422635,0.739452777052119,-0.540979921943059,0.47667726004282,0.451772964394125,0.203711454727929,-0.246913936910008,-0.633752642406113,-0.12079408408185,-0.385049925313426,-0.0697330460416923,0.0941988339514961,0.246219304619926,0.0830756493473326,3.68,"0"
10,1.44904378114715,-1.17633882535966,0.913859832832795,-1.37566665499943,-1.97138316545323,-0.62915213889734,-1.4232356010359,0.0484558879088564,-1.72040839292037,1.62665905834133,1.1996439495421,-0.671439778462005,-0.513947152539479,-0.0950450453999549,0.230930409124119,0.0319674667862076,0.253414715863197,0.854343814324194,-0.221365413645481,-0.387226474431156,-0.00930189652490052,0.313894410791098,0.0277401580170247,0.500512287104917,0.25136735874921,-0.129477953726618,0.0428498709381461,0.0162532619375515,7.8,"0"
10,0.38497821518095,0.616109459176472,-0.874299702595052,-0.0940186259679115,2.92458437838817,3.31702716826156,0.470454671805879,0.53824722837695,-0.558894612428441,0.30975539423728,-0.259115563735702,-0.326143233995877,-0.0900467227020648,0.362832368569793,0.928903660629178,-0.129486811402759,-0.809978925963589,0.359985390219981,0.70766382644648,0.12599157561542,0.049923685888971,0.238421512225103,0.00912986861262866,0.996710209581086,-0.767314827174801,-0.492208295340017,0.042472441919027,-0.0543373883732122,9.99,"0"
10,1.249998742053,-1.22163680921816,0.383930151282291,-1.23489868766892,-1.48541947377961,-0.753230164566149,-0.689404975426345,-0.227487227519552,-2.09401057344842,1.32372927445937,0.227666231237246,-0.242681998944186,1.20541680770748,-0.317630527025074,0.725674990179153,-0.815612186027305,0.873936447614439,-0.847788598847099,-0.683192626267037,-0.102755941505071,-0.231809239223849,-0.483285330117712,0.0846676908596583,0.392830885335013,0.161134553588505,-0.354990039673962,0.0264155490776107,0.0424220887282304,121.5,"0"
11,1.0693735878819,0.287722129331455,0.828612726634281,2.71252042961718,-0.178398016248009,0.337543730282968,-0.0967168617395962,0.115981735546597,-0.221082566236194,0.460230444301678,-0.773656930526689,0.32338724546722,-0.0110758870883779,-0.178485175177916,-0.65556427824926,-0.19992517131173,0.1240054151819,-0.980496201537345,-0.982916082135047,-0.153197231044512,-0.0368755317335273,0.0744124028162195,-0.0714074332998586,0.104743752596029,0.548264725394119,0.104094153162781,0.0214910583643189,0.021293311477486,27.5,"0"
12,-2.7918547659339,-0.327770756658658,1.64175016056605,1.76747274389883,-0.136588446465306,0.80759646826532,-0.422911389711497,-1.90710747624096,0.755712908314791,1.1510869876677,0.844555470974377,0.7929439518176,0.370448092803246,-0.734975105820311,0.406795710431001,-0.303057623825763,-0.155868714793874,0.778265457041536,2.22186801373788,-1.58212204356551,1.15166304848789,0.222181966098225,1.02058620426601,0.0283166513238872,-0.232746324289105,-0.23555721754117,-0.16477751177654,-0.0301536365592253,58.8,"0"
12,-0.752417042956605,0.345485415344747,2.05732291276727,-1.46864329840046,-1.1583936804082,-0.0778498291166733,-0.608581418236123,0.00360348436201849,-0.436166983515744,0.747730827192802,-0.793980602837221,-0.770406728847129,1.04762699748088,-1.06660368148653,1.10695345662141,1.66011355713381,-0.279265373246772,-0.419994141181313,0.432535348618175,0.263450864446125,0.499624954671111,1.35365048557231,-0.256573280448308,-0.0650837078816517,-0.0391243535426488,-0.0870864732146962,-0.180997500092721,0.129394059390202,15.99,"0"
12,1.10321543528383,-0.0402962145973447,1.2673320885949,1.28909146962552,-0.735997163604068,0.288069162976262,-0.586056786337461,0.189379713679593,0.782332891785191,-0.267975066537173,-0.450311279515466,0.936707714991982,0.708380406186981,-0.468647287707221,0.354574063407955,-0.246634655717582,-0.00921237772707382,-0.595912405700819,-0.57568162226261,-0.113910176982092,-0.0246120063374677,0.196001952806192,0.0138016541409422,0.103758331023198,0.364297540595235,-0.382260574113217,0.092809187460487,0.0370505169810008,12.99,"0"
13,-0.436905071360625,0.918966212909322,0.92459077438817,-0.727219053596792,0.915678718106307,-0.127867352079254,0.707641607333935,0.0879623554672504,-0.66527135413364,-0.737979823596458,0.32409781346169,0.277192107214981,0.252624256310781,-0.291896460370468,-0.184520169327133,1.14317370716197,-0.92870926272403,0.680469592634687,0.0254364616880793,-0.0470212823165035,-0.194795823794671,-0.672637997017793,-0.156857514491897,-0.888386320943716,-0.342413218776576,-0.049026728633951,0.0796923991551505,0.131023789452311,0.89,"0"
14,-5.40125766315825,-5.45014783420644,1.18630463143652,1.73623880012095,3.04910587764025,-1.76340557365201,-1.55973769907953,0.160841747266769,1.23308974041888,0.345172827050629,0.917229867699146,0.970116716069048,-0.266567764915222,-0.479129929276704,-0.526608502569153,0.47200411177674,-0.725480944982201,0.075081351540202,-0.406866573198217,-2.19684802485647,-0.503600328973703,0.984459785590244,2.45858857639219,0.0421188969891572,-0.481630823956716,-0.621272013713977,0.392053289557744,0.949594245504846,46.8,"0"
15,1.4929359769862,-1.02934573189487,0.45479473374366,-1.43802587991702,-1.55543410136344,-0.720961147043557,-1.08066413038614,-0.0531271179483221,-1.9786815953872,1.63807603690446,1.07754241162743,-0.63204651464934,-0.41695716661602,0.0520105153724404,-0.0429789228232019,-0.166432496451972,0.304241418614353,0.554432499062278,0.0542295152184719,-0.387910172646258,-0.177649846438814,-0.175073809074822,0.0400022190621329,0.295813862676508,0.33293059939425,-0.220384850672322,0.0222984359135846,0.00760225559997897,5,"0"
16,0.694884775607337,-1.36181910308009,1.02922103956032,0.834159299216716,-1.19120879445965,1.30910881872952,-0.878585911450457,0.4452901278385,-0.446195831557423,0.568520735086962,1.01915061274695,1.29832870056251,0.420480265280796,-0.372650997239682,-0.807979512809369,-2.04455748288968,0.515663469043577,0.625847298442513,-1.30040816880609,-0.138333940419021,-0.295582931552029,-0.571955006812512,-0.0508807005036795,-0.304214501020644,0.0720010061385359,-0.422234430367677,0.0865533980909977,0.0634986493439305,231.71,"0"
17,0.962496069914852,0.32846102605212,-0.17147905415064,2.10920406774016,1.12956557126894,1.6960376856836,0.107711607311367,0.521502163844302,-1.19131110205143,0.724396314588903,1.6903299205808,0.406773575635315,-0.936421295934551,0.98373941913199,0.710910766068067,-0.602231772166344,0.402484375627273,-1.73716203452457,-2.02761232183279,-0.269320966548419,0.14399742335114,0.402491661406291,-0.0485082211745289,-1.37186629453889,0.390813885438659,0.199963657504328,0.0163706432842991,-0.01460532767228,34.09,"0"
18,1.16661638244228,0.502120087854101,-0.0673003143663533,2.26156923949128,0.428804194630708,0.0894735167274599,0.241146579907281,0.138081705243702,-0.989162395259052,0.922174967079328,0.744785789437272,-0.531377250104474,-2.1053464503177,1.12687010488156,0.00307532251490036,0.424424506356606,-0.454475291663708,-0.0988706272108058,-0.816597306905994,-0.307168508741084,0.0187018719918659,-0.0619722672279421,-0.103854921794533,-0.370415176650599,0.603200338674873,0.108555872801682,-0.0405207055560295,-0.0114178152991164,2.28,"0"
18,0.247491127783665,0.277665627353681,1.18547084217971,-0.0926025498576041,-1.31439397897076,-0.150115997622665,-0.946364950111676,-1.61793505064675,1.54407140197844,-0.82988060074647,-0.583199526903095,0.524933232159904,-0.45337529664688,0.0813930875646215,1.55520419597553,-1.39689489286937,0.783130838324676,0.436621213910235,2.17780716839543,-0.230983142903519,1.65018036054154,0.200454090999037,-0.185352508080436,0.42307314795406,0.820591261750983,-0.227631863934761,0.336634446911129,0.250475352427605,22.75,"0"
22,-1.94652513121534,-0.0449005054418194,-0.405570068378956,-1.01305733702394,2.94196769950545,2.95505339674562,-0.0630631473635638,0.855546309018146,0.0499669002270836,0.573742508037695,-0.0812565147381817,-0.215745003282808,0.0441606277765361,0.0338977566837455,1.19071767502074,0.578843475256385,-0.975667025451307,0.0440628177757039,0.488602868957758,-0.216715254448926,-0.579525934402369,-0.799228952914653,0.870300215304704,0.983421492506598,0.321201132609584,0.149649876930755,0.707518836410842,0.014599751533029,0.89,"0"
22,-2.0742946722629,-0.121481799450951,1.32202063048967,0.410007514171835,0.295197545759436,-0.95953722984438,0.543985491287656,-0.104626728092018,0.475664017945495,0.149450615348245,-0.856566363963256,-0.180523156037298,-0.655232930357476,-0.27979685563853,-0.21166795514315,-0.333320609694671,0.010751094250554,-0.488472666295676,0.505751034478604,-0.386693573241769,-0.403639498840125,-0.227404004096502,0.742434864076795,0.398534855447456,0.249212161486784,0.274404273874965,0.359969356358436,0.243231671798911,26.43,"0"
23,1.17328461017079,0.353497876646456,0.28390506526532,1.1335633178795,-0.172577181842493,-0.916053706932115,0.36902484539083,-0.327260242196767,-0.24665102789456,-0.0461393022689538,-0.143418527309124,0.979350375717585,1.49228543545219,0.101417525935881,0.76147754528118,-0.014584082470356,-0.511640116553888,-0.32505635460906,-0.390933797720026,0.0278779087328671,0.0670033044874043,0.227811927638182,-0.150487224821759,0.43504510338369,0.724824579577241,-0.337082059875827,0.0163683792669046,0.0300411908366385,41.88,"0"
23,1.32270726911234,-0.17404083293642,0.434555031250987,0.576037652384661,-0.836758045983797,-0.831083411483829,-0.264904960791055,-0.220981942667704,-1.07142461772052,0.868558547570527,-0.641506289794406,-0.111315775017413,0.361485409760927,0.171945121866125,0.782166531823632,-1.35587072953395,-0.216935152965165,1.27176538520308,-1.24062193508556,-0.522950940722936,-0.284375572220815,-0.323357410638449,-0.0377099050596787,0.347150938808497,0.559639136527168,-0.280158165778367,0.042335257639718,0.0288223002307744,16,"0"
23,-0.414288810090829,0.905437322625407,1.72745294417921,1.47347126657189,0.00744274117322988,-0.200330677416199,0.740228319420026,-0.029247400012072,-0.593392019124765,-0.346188231273199,-0.0121421884961019,0.786796316060126,0.635953883297271,-0.0863244719500975,0.0768036871984215,-1.4059193336148,0.775591738395162,-0.94288892749919,0.543969461627011,0.0973075910928853,0.0772374339988386,0.457330598656119,-0.038499724582026,0.642521902774992,-0.183891335259639,-0.277464019495649,0.182687486490454,0.152664644968975,33,"0"
23,1.05938711501788,-0.175319186719244,1.26612964251002,1.18610995469348,-0.786001752758539,0.578435276462307,-0.767084276374229,0.401046149117525,0.699499675903727,-0.0647375556773487,1.04829248789913,1.00561836488785,-0.542001579163132,-0.0399145024672579,-0.218683247678604,0.00447568219903875,-0.193554038650394,0.0423879619548074,-0.277833720535009,-0.178023367448801,0.0136762939208399,0.213733610123234,0.0144618494665875,0.00295085991542244,0.294638014829328,-0.395069505138473,0.081461117248889,0.0242203485620962,12.99,"0"
24,1.23742903021294,0.0610425841868962,0.380525879794222,0.761564111432371,-0.359770710369787,-0.494084149915291,0.00649421810779282,-0.133862379689891,0.438809736716666,-0.207358045517011,-0.92918211475144,0.5271060605933,0.348675901114132,-0.152535138608542,-0.218385629647018,-0.191551818259596,-0.116580602716053,-0.633790816521738,0.348415801097774,-0.0663513345433597,-0.245682498259096,-0.530900256150069,-0.0442653968237672,0.0791680288586917,0.50913568954621,0.288857833917937,-0.0227049816562784,0.0118362314304161,17.28,"0"
25,1.11400859541157,0.0855460896870318,0.493702487395368,1.33575998514475,-0.300188550950467,-0.0107537834263628,-0.11876001509605,0.188616695943139,0.20568684906514,0.0822622587556722,1.13355567149479,0.626699002489221,-1.49278039238295,0.520787893899183,-0.674592596871812,-0.529108241855907,0.158256197923207,-0.398751479349713,-0.1457089090445,-0.273832367278761,-0.0532336603921118,-0.0047601512119153,-0.0314701703936453,0.198053718143193,0.565007312878958,-0.337718126200803,0.0290574021222937,0.00445263143187997,4.45,"0"
26,-0.529912284186556,0.873891581460326,1.34724732930113,0.145456676582257,0.414208858362661,0.10022309405219,0.711206082959649,0.1760659570625,-0.286716934699997,-0.484687683196852,0.872489590125871,0.851635859904339,-0.571745302934562,0.100974273045751,-1.51977183258512,-0.284375978261788,-0.310523584869201,-0.404247868800905,-0.823373523914155,-0.290347610865436,0.0469490671140629,0.208104855076299,-0.185548346773547,0.00103065983293288,0.0988157011025622,-0.552903603040518,-0.0732880835681738,0.0233070451077205,6.14,"0"
26,-0.529912284186556,0.873891581460326,1.34724732930113,0.145456676582257,0.414208858362661,0.10022309405219,0.711206082959649,0.1760659570625,-0.286716934699997,-0.484687683196852,0.872489590125871,0.851635859904339,-0.571745302934562,0.100974273045751,-1.51977183258512,-0.284375978261788,-0.310523584869201,-0.404247868800905,-0.823373523914155,-0.290347610865436,0.0469490671140629,0.208104855076299,-0.185548346773547,0.00103065983293288,0.0988157011025622,-0.552903603040518,-0.0732880835681738,0.0233070451077205,6.14,"0"
26,-0.53538776309446,0.865267807575272,1.35107628772237,0.14757547449791,0.433680212077009,0.0869829381161816,0.693039311115721,0.179742260742556,-0.285641861230583,-0.482474471178567,0.871799580440785,0.853447434991487,-0.571821891415037,0.102252103048142,-1.51999120265821,-0.285912497081499,-0.309633386824141,-0.403901992939884,-0.823742994489464,-0.283263782156003,0.049525686687599,0.206536543024476,-0.18710806982075,0.000753014257497798,0.0981166059546266,-0.553470968822753,-0.0783055021726955,0.0254273775211197,1.77,"0"
26,-0.53538776309446,0.865267807575272,1.35107628772237,0.14757547449791,0.433680212077009,0.0869829381161816,0.693039311115721,0.179742260742556,-0.285641861230583,-0.482474471178567,0.871799580440785,0.853447434991487,-0.571821891415037,0.102252103048142,-1.51999120265821,-0.285912497081499,-0.309633386824141,-0.403901992939884,-0.823742994489464,-0.283263782156003,0.049525686687599,0.206536543024476,-0.18710806982075,0.000753014257497798,0.0981166059546266,-0.553470968822753,-0.0783055021726955,0.0254273775211197,1.77,"0"
27,-0.246045948703835,0.47326690335701,1.69573755374059,0.262411487973117,-0.0108664136529745,-0.610835935296661,0.793936545512066,-0.247252830908628,0.138879113774066,-0.401007068346067,-0.812050381942678,-0.183524462361787,-0.630112887102238,-0.286217451066222,-0.337046323577501,-0.42810547355755,-0.0306021083323427,-0.504568166264421,0.355180278263647,0.0457211272611911,-0.194599935207223,-0.335132725895693,-0.0781796063470994,0.392783891527158,-0.0311571467736638,0.198036799472821,-0.175347300741823,-0.203616155701414,30.49,"0"
27,-1.45218727859439,1.76512373913739,0.611668540757038,1.17682498424561,-0.445979892057813,0.246826451919258,-0.257566155685306,1.0924724973132,-0.607524461211062,0.0471555530038123,0.783726853195604,1.0963856736135,-0.26809420573452,0.768648040128495,-0.524367354238622,-0.808816147106875,0.710386067439587,-0.11836878699997,0.979287835535805,0.00871333379747532,0.0822798172206588,0.325782190832103,-0.069107391080501,0.0209619966159794,-0.0446684875032122,-0.243441391677247,0.149180325186687,0.120556907850199,1.8,"0"
29,0.996369531566045,-0.12258878723806,0.546819472613086,0.706579541087689,0.134559557409452,1.15699511200606,-0.294561331432968,0.407429099419853,0.337862663634561,-0.408150492552647,0.682646123949549,1.25371968484033,0.391917044082342,-0.0375108583595551,0.795301519477008,-1.6682105913656,1.32299488209244,-2.83003522867318,-1.46343168833485,-0.203461209817417,-0.0763018365480559,0.108866913420892,0.162230940339532,-0.575624047818567,0.109794914589208,0.373813367278979,0.0505521972760614,0.00510555920011407,20.53,"0"
46,-0.378244634508222,0.732925473144789,-0.12015421084374,0.18575507207311,2.59426949152718,3.79718265118537,0.0590879612001456,0.976768278020551,-0.412660864918736,0.0067536882536664,-0.624666242175613,-0.115851957802005,-0.215037272965066,0.14044940338935,0.160265566475215,-0.601890179366329,-0.144355315240532,0.221557464920078,1.45485216223185,0.315571560739074,-0.107581845449129,-0.157139517354471,-0.194659196235448,1.01389734659882,0.145503366823794,-0.237619522591439,0.411371737390151,0.202788454962588,11.45,"0"
47,1.19783859904952,0.236827617702066,0.509605001633564,0.657658659875326,-0.365487846531556,-0.745101067219334,0.079497447992953,-0.130535519206068,-0.0522631188334045,-0.110057897667251,0.307131474741218,0.670664429232084,0.437973609417859,0.269026235243189,1.12741944172679,-0.196922570885677,0.00770367393603528,-1.12264047790795,-0.590917690926777,-0.120981428275126,-0.149875596688501,-0.374210667597001,0.145515985807902,0.414983921314997,0.212156010664903,0.181724249919295,-0.0164021340612288,0.0159942089881169,3.63,"0"
48,-0.580628965016257,0.482683933097182,1.33312308028373,-0.253080022676203,-0.0284689398233383,-0.519165700319527,0.503249460809705,0.117773482896021,0.117112238017822,-0.420487538793211,0.449718913713424,-0.0178648303429265,-1.98382317941023,0.321663489232864,-1.42530187959129,0.125194163398465,-0.404409451618886,0.0977768572186709,-0.0205312679140408,-0.298750730213523,-0.0421423262477711,-0.148707275565971,0.00145116497714452,0.302764487325416,-0.680714199200363,-0.0155539239808445,-0.00630700434213483,0.164222205343532,21.66,"0"
48,-1.79340624422786,1.85460399082838,0.979513976644481,1.11226152645262,-0.206402962131258,-0.199545668092445,0.6166424042353,0.0641803531775705,0.690271532341837,1.55172381714636,-0.16196484167768,0.424213060982246,0.0159444010110314,-0.405832818314697,0.271930432913219,-1.42302064864536,0.676324382969801,-0.911048300036704,0.461845498112606,0.667846871696291,-0.180722525691681,0.235138169654476,-0.0914415713260925,0.417654473831525,0.122733846237321,-0.232985041190746,0.811879841478301,0.618568311939622,26.72,"0"
49,1.09860834614642,0.202423563829101,0.525455971945753,1.32343627201394,-0.130486421204476,0.0399243070766149,0.0283794159028238,0.0728410708847139,-0.0978693519806861,0.0195129951686423,1.47441332090063,1.68967421758435,0.506780523264567,0.125136664522659,-0.89270971177356,-0.621679133317781,0.0443402665913568,-0.642093954200622,-0.161986891000608,-0.128040892456864,-0.0249716784462107,0.154264260038072,-0.0631467432547598,0.253205307138793,0.629405434975953,-0.345344655387218,0.0404693378711826,0.010263750026757,13.18,"0"
49,-0.549626144798035,0.418949153525597,1.72983325235597,0.203065373845713,-0.187012387610491,0.253877551885213,0.500893777771598,0.251255794962937,-0.227984854678695,-0.57616941989126,1.10203189400426,0.823707807488722,-0.569509883571002,0.00871007349263582,-1.04141380966471,-0.603403099556728,0.225483728892329,-0.352132599922745,0.194946380855442,0.0169703706662638,0.115062465548237,0.418528728119492,-0.0651327882454082,0.264980785082018,0.00395822034181825,0.395968888989273,0.027182102239278,0.0435057557098948,59.99,"0"
49,0.921543679723553,-0.0670837542257563,0.0774610275787093,0.953638217022313,0.0674124629108227,0.0161524649547512,0.32045155695341,0.0385340276125158,-0.391512665081147,0.0315602452397677,1.39169118010671,1.07936321996869,0.106267711683997,0.665985251334808,0.44225355774887,0.122646354959781,-0.492391586114359,-0.535140313996294,-0.0780818341113634,0.120050785637899,-0.333929581340575,-1.29991956674342,0.0843109903360168,-0.370397871198817,0.155101565371628,-0.834490365033198,0.000909065197964509,0.035546875724878,135.51,"0"
50,-0.571520749961747,1.07160044939815,1.28011024961142,0.542780003052458,0.574438986516567,-0.259359265830457,1.0611484151742,-0.410971967925814,-0.17913018113825,1.00350065764887,1.06238226849436,0.159422388058099,-0.2898603137468,0.00580474635482856,0.46044095320685,-0.22103526461389,-0.775852454545776,0.657023315008206,0.80758291868891,0.354730634765855,0.00355852008044498,0.561240486431022,-0.199286719692043,0.00138738938225278,-0.179529951929609,-0.374115725753305,0.0716414539902948,-0.175510468698003,9.79,"0"
50,-0.671708547741052,0.59450259438803,0.216415943954576,-0.867310638854276,2.96690830110092,3.63249487373809,0.563295074740477,0.673025596986071,-0.188766143762422,-0.404378291830518,-0.699710626192874,-0.184142608712838,-0.426813033653942,-0.183001108223398,-0.747731683219242,-0.0377075788937061,-0.866459638474451,-0.00725732026000804,-0.160432044223361,-0.00278433437563492,-0.136440966831564,-0.300362025601945,-0.331691623416602,0.996382470868604,0.502469492348796,-0.51804304841771,-0.208275755084745,-0.116048406394516,14.8,"0"
51,1.25987313565004,0.25423957645842,0.51478862825195,0.620924297433486,-0.475930098771269,-0.992285839202021,0.0664165097996613,-0.209275058074655,0.0355715653783499,-0.0676158213568395,-0.204107263687151,0.402596690697874,0.376647694351449,0.227135013294715,1.02499612132291,0.29953171476471,-0.426046050892739,-0.550315065603572,-0.119898968647883,-0.0889700937046651,-0.256530535925767,-0.739211692487821,0.135732380872138,0.38198986620837,0.219301891750154,0.0942906925877441,-0.0286866677208069,0.019197591087878,1.98,"0"
52,1.14736892702922,0.0590346445535856,0.263632341401774,1.21102345823936,-0.0440955788263387,0.30106650133832,-0.132959855687363,0.227885136251461,0.252191237226831,0.083903938117339,0.645046450909254,0.413361748049543,-1.46803602930219,0.502861187887764,-0.626936022547138,-0.369716051829749,-0.0317992395701179,-0.215342173803487,0.0550196503583034,-0.255923874900886,-0.0878134178536766,-0.110756406773342,-0.0977707247600232,-0.323374178237458,0.633278881348768,-0.305327819106935,0.0273941237350875,-0.000580464688818191,6.67,"0"
52,-3.00523672241459,2.60013820219461,1.48369073726212,-2.41847295513682,0.306326406574465,-0.824574531939418,2.0654256392882,-1.82934658938092,4.00925851665725,6.05152135077273,2.57250018194268,0.0668507400137308,-0.353574309497439,-2.83713599830894,0.292226879668893,-0.303773839706442,-1.94230314485255,-0.435449716450276,-0.934016115189154,2.45672404561526,-0.852308858371298,-0.181268483843722,-0.163746504079237,0.515820525800135,0.13631843199517,0.460053967482399,-0.251258637837596,-1.10575115708552,1.46,"0"
53,-1.19896767411718,-1.47410047094211,1.8403259873066,-4.51582435488105,0.327567428246331,-0.174469282834848,0.959725705478786,-1.0264562279545,1.70043458447966,-0.0789417612044958,1.66266714493598,0.485619299748722,-0.93302495795613,-1.11878656487932,0.14125304079379,-2.81188754821512,-0.504745809870121,0.891222663154531,-1.51202243652326,-0.769854286810439,-0.453169416973525,0.334614040441455,-0.364541412466894,-0.310185782073785,-0.30259949355198,-1.24392415371264,-1.12345654520885,-0.73435108581633,89.17,"0"
54,1.20239832807905,0.321711386607054,0.281210894488001,0.643688582463962,-0.148668596204498,-0.589738666993022,0.0484125495667614,-0.0933612495778056,-0.042934036363588,-0.343245662317894,0.235106050512859,0.569881915499773,0.676330388590739,-0.351249746003609,1.29513005856263,0.164859782332548,0.246413935319911,-0.804462522225513,-0.561740542791253,-0.0707505670634631,-0.251113124454264,-0.680155165043549,0.148162526526488,0.0470615008737034,0.157049745885238,0.121934641489905,-0.00460789833531126,0.0294181090910756,7.53,"0"
55,-4.57509260816239,-4.42918377474876,3.40258500379828,0.903914679904333,3.00222377368078,-0.491077708080676,-2.70539316304114,0.666451302156469,1.92221617202329,-0.614312027380396,0.384926576987595,1.1944034523469,-1.02071845428099,-1.24682940571382,-2.34867343715332,-0.213437533486602,-0.100221744823898,-0.406073073481075,-1.63757251876291,-0.960962933953718,-0.0473650289231517,0.853359934678944,-0.971600429208365,-0.114861639404699,0.408300391838859,-0.304576465887789,0.547784788743973,-0.456296829036198,200.01,"0"
55,-0.773450000458189,0.85311249436819,0.818253541761677,-0.236070161217933,0.803462538724049,-1.43872833170719,0.799479364773059,-0.00798899962925418,-0.761089558526749,-1.04446403350044,1.50413489421274,-0.291634167856543,-1.61543302342075,-0.665286835592656,-0.292983045822984,0.803106054187593,0.462149366883927,0.83464109457954,-0.65179683321786,-0.10085848950269,0.0353615493510926,-0.116890316122963,-0.178926346760491,0.400155137444786,-0.0262306839064335,0.16515568350303,0.027761800392197,0.132979788496602,0.76,"0"
56,-0.847998365598453,1.04345933028073,1.26736889218816,1.13552949012637,0.0213621025987426,0.336914104132828,0.398479742797849,0.317399165838859,-0.0286579453593501,0.534033192472464,0.811280074910828,-0.0710028675857182,-1.96905159541282,0.450006443181567,-0.263173073378825,-0.968361412949194,0.459253723662508,0.0037711921426382,1.00071625183199,0.128621717056598,-0.0240461057456474,0.215006397493466,-0.131981589595316,-0.00741562681325391,-0.136578135429545,-0.242960778206656,0.38293084682331,0.276416935663384,20.22,"0"
56,0.0869961905163749,-0.0519887420255876,-0.497882441560081,-3.1519078565141,2.5584003623555,2.79667096978255,0.470283270790146,0.265332802943643,0.919513460198576,-0.735585687981152,0.208724948743441,0.0171306492463427,-0.110866963820059,-0.0426768695073913,1.65414036352275,-0.392648022607194,-0.875960217366143,0.183946189187007,1.25938002787067,0.167231088284993,-0.239425579903453,-0.437342143719405,0.0184257681232037,1.01303776342658,-0.258926558625905,-0.293189252573023,-0.394955581242805,-0.435995593150792,10.84,"0"
59,-0.773292609110981,-4.1460072502577,-0.932037567076045,0.0270936838890165,-1.69830732179181,0.460187805225441,0.737344474460422,-0.314215581514513,-0.84267253845447,0.0172757940177998,-0.617560331727886,-0.197503535476567,1.59495759349141,-0.259878797128783,1.22102546560587,1.32463951224473,0.120540185550046,-1.24864887121931,-0.00506979108522488,2.44278177400485,0.890977779336871,0.0261225750123657,-1.1347693370818,-0.654958249952389,0.0983862618989874,-0.209149914074031,-0.171709156383653,0.208056641158863,1142.02,"0"
59,0.921024018835922,-0.16244686110781,-0.0943313673869069,0.474083926327042,-0.0214859605972665,-0.397506306685279,0.482642978539503,-0.117495974844976,-0.577836031422653,-0.0186071371400667,1.83757918303173,1.45067106438787,0.679743972842061,0.593718449923865,0.249734697673045,-0.0843672205235,-0.25970727981991,-0.894995460456715,-0.0103739416854655,0.214510447897743,-0.209381106373359,-0.930107296377023,0.0285099107931845,0.0326820091099104,0.155130495109473,0.133250470013276,-0.0735342308160852,0.0223491449446096,149.9,"0"
60,1.06914138489519,0.0437859251672304,0.309867290850673,1.31669399295505,-0.462393623949898,-0.857887604269692,0.207903690796087,-0.191269941989371,0.0563978989012889,0.041567455076056,-0.507358124813112,-0.108666220084406,-0.473257348257937,0.452045889971559,1.00567481039881,0.185441397662765,-0.43997575238942,0.0125391476665563,-0.498587992492488,-0.00199825142437605,0.115775449915834,0.164781092368047,-0.177564054530198,0.391890569748269,0.624681738099145,-0.288376427654957,-0.00131183357960522,0.0358115192931624,89.4,"0"
60,1.10702937694843,0.216441000371351,0.538378149708233,1.47639799266774,-0.251941920499494,-0.340679706912496,0.154091744631261,-0.0865025456332286,0.144420201120718,-0.157374627687008,-0.107560297694088,1.0663256573792,0.620788366839222,-0.0708893376688794,-0.203857982828647,-0.853479419330768,0.336478013774869,-1.17953172110404,-0.501729107425755,-0.111852535538935,-0.0600374501076493,0.0598841227860989,-0.0475263664778327,0.443992418636119,0.640295758747984,-0.337657130668521,0.0421084838919154,0.024264710006858,26.72,"0"
62,-1.03510581776689,0.996013127817514,2.19247013559677,-0.170445302779918,-0.302319738525738,-0.142255767700287,0.223431774448596,0.289043410118421,0.0941408906153459,-0.157858732844487,-0.386373549409945,-0.628633662180404,-1.02395821122071,0.0984338746976314,1.56228876196439,0.168577701728536,-0.148826411284152,-0.285927210472601,-0.483363894151224,0.180287626805096,-0.098000008392506,-0.17024584412346,-0.13722752704315,0.0552282789358353,0.0793475542063078,0.302032602113411,0.391377349974797,0.196599880665289,5.99,"0"
64,1.21251089095254,-0.0990542956039435,-1.19209409463426,0.286323561509755,2.16051625183209,3.61631350966622,-0.40420689806665,0.842330951647993,0.169360420742526,-0.0305221765721243,-0.541957258023106,0.237212014866616,-0.218129648703274,0.197436520971338,-0.147850245921019,-0.0978301417256899,-0.51005250120389,-0.0709392806421485,0.355170583653159,0.0147774396345371,-0.167496336516951,-0.494694569848075,-0.149785450968464,1.01122655467101,0.883547704730387,-0.329433810592075,0.020370145679431,0.0170370863505012,34.7,"0"
64,-0.658304934095684,0.40679056737153,2.03746063876455,-0.291297974417195,0.147909808593845,-0.350857291958021,0.945373213135361,-0.172560016733978,0.0251333984849018,-0.778134723733662,-0.196289801937262,0.632955261826373,0.374025171567011,-0.531597207426503,-0.615062565100624,-0.518078459185166,0.00388089531948063,-1.2889540744158,-0.797804485217222,0.0641328738661188,-0.156095760618683,-0.238804964891445,0.0898771773985113,0.421195367129561,-0.352487134227907,0.0747827424634443,-0.0941921697507859,-0.0924931304008813,54.99,"0"
64,0.95960165851223,0.370711304613933,0.888613370045565,2.34324410302247,0.352490841084755,1.36551460619135,-0.277770730462741,0.516053179747465,-0.700929045055026,0.468216239367258,0.745611509947132,0.373531002993358,-0.223918285866667,0.417438142069896,1.67840014345469,-0.515701600237187,0.662478668271888,-2.5142351135941,-2.5896875748614,-0.298404520795831,-0.155547160729115,-0.403239315684771,0.356504034074842,-0.696881458915448,-0.198717970162506,-0.220267915515142,0.0685461961358583,0.0207973154161409,7.55,"0"
67,-0.653444627294995,0.160225076852038,1.59225555524082,1.29683228357565,0.997174923623236,-0.343000302409134,0.469936930779834,-0.132470081994361,-0.197794077439788,-0.105005538081425,-0.543662210926971,0.302233022635964,0.141211078726449,-0.207880443553101,0.0241083998795536,-1.20687659191564,0.39483638189259,-0.750955630206426,0.440558481170408,0.225920346918541,0.0383629679790368,0.336449012374641,-0.0148828328356718,0.102959010243,-0.265322060067868,-0.34863668662622,0.0112384491290326,-0.0494783399721492,19.85,"0"
67,-1.49466784074271,0.837241399963629,2.62821061790607,3.14541437889465,-0.609098388854424,0.258495000688512,-0.0121886133587805,0.102136035246365,-0.286163596824287,1.19855632464938,-0.550295668711412,-0.106845988520745,0.208014288229433,-0.680510402769635,0.507763583158711,-0.260264022558778,0.246631323902287,0.00885550438424228,0.899415801359582,-0.0283519350532205,-0.140047358057139,0.355044183811602,0.332719988435228,0.718192517148152,-0.219366046114324,0.118926551385282,-0.317485702168288,-0.340783397650643,28.28,"0"
68,1.23299646466342,0.189453733510593,0.491040320659271,0.63367266144682,-0.511574423739396,-0.990608798945491,0.0662404784461449,-0.196940298822464,0.0759209605441686,-0.0660598957776733,-0.255743256644626,0.255156784643456,0.105247332677582,0.284676541283834,1.05732211324487,0.315890891000563,-0.411940025745081,-0.51191158053807,-0.120427106464189,-0.0778705743363889,-0.251566497035248,-0.770138762362471,0.125997504609162,0.369627369686229,0.205597702423389,0.0940615942779856,-0.0331379753440025,0.0209903940215084,15.99,"0"
68,1.15693906521199,0.0372151171834976,0.556799036120114,0.519506543569017,-0.47975387242074,-0.352713751231664,-0.222486535919933,0.158242439405977,0.0112517233737559,0.105583808549274,1.61209937075746,0.354492949815164,-1.43453627828567,0.796994975493623,0.745106379600413,0.222868280835633,-0.229198749153177,-0.364808594625195,-0.254104653277162,-0.221851585086154,-0.182661585534005,-0.612267726276609,0.1973046499394,0.174882516093158,0.0324965433024755,0.099479911401087,-0.0268157912881385,0.00419863300494397,2.69,"0"
68,-0.770196382647988,0.483572416412024,1.90107177893088,-0.00187625011618852,0.0242447851356973,-1.17190318158275,0.666483360897814,-0.0946029012075535,-0.136665621886762,-0.842507532652561,-0.408235097088101,0.503046644959921,-0.010588597193309,-0.200012764882671,-0.908689458907517,-0.323594882408827,-0.0221036727295719,-0.796683932841244,-0.479505428522999,-0.0338308901120332,-0.0573359108181297,-0.155801280763761,0.0181078020074367,0.941555368544963,-0.168581841126097,0.0561709969275176,0.0589793612903108,0.134187921277996,22.36,"0"
69,0.298503170230964,2.14272151611193,-1.54214297177705,1.56133190619696,0.938108024652659,-2.14567269892859,1.40556856926536,-0.778458743012393,0.328636441067941,0.127497138229711,1.61279907284482,-0.0963770304463607,0.65479027128109,-4.31837785899177,1.03860348560684,0.404686812382194,2.72916803684328,1.11586360275427,-0.70381403125983,0.676953714414688,-0.290986926566703,-0.000234693934265881,0.0921744202720123,0.586205254664035,-0.397313834676348,-0.48094888073418,0.251145000441888,-0.242278599734987,0.78,"0"
69,-0.608026929841982,0.306693600885717,1.47300415039613,1.19112724714544,0.0212646712723958,0.888442494108084,1.19049117437091,0.0421467359313565,-0.446425607388004,-0.0803861172953596,0.660395584478941,-0.111613346122931,-1.46898311322269,0.285370867844552,-0.237172914462875,-0.912819717718837,0.242906277651558,0.122721608445149,1.17506256471346,0.374085586370824,0.0465063845484995,0.165162501079151,0.063974176192816,-0.333791685714842,0.131775824024349,-0.21769193086145,-0.0821833528435472,-0.116730186938062,168.56,"0"
69,-1.76664469899536,2.35298430630811,-0.00995515971365657,-0.363735715844203,1.4609525055027,-0.204832890895048,0.905818664621303,-3.38412325518339,0.388546432019876,0.791069473894889,-0.270259509464073,0.0473992418897564,1.64276673059052,-2.67808072468436,0.728038853010947,0.289107811753919,0.384462973331268,0.45454769919951,0.113990423022077,0.0726451814211175,1.96425333913088,-0.883217568599811,-0.247698186338146,-0.758605573850063,0.0864500741458937,0.202790048964053,-0.898857650861328,-0.944336584484056,0.76,"0"
69,-2.22064182690618,1.02918071808636,-0.697723601958822,-1.26822646644294,2.80222102796582,3.32290136384897,0.197036005343823,-0.521296961184743,0.859596358876793,1.5939492660972,0.311202771235588,-0.433713474113116,-0.0873153342987856,-1.10816364415856,1.30866894993326,0.521481126221399,-0.735664502667711,0.165409024425517,0.31451549056561,-0.111529833982581,0.110447912674207,-1.17846330322093,0.508910502200337,0.923385244847386,0.213758667336886,0.033506667714588,-0.142024761178452,-0.263844092949627,9.47,"0"
70,-0.426071693865111,-0.0603037695141019,2.22082820260962,0.0247417821484201,-0.58496399731695,0.460622987596611,-0.322526141015528,0.434776396219243,1.2524039132385,-1.01209354858712,-1.37903158970616,0.203317504503014,-0.855599221503998,-0.926168244154841,-1.57368540467978,-0.493078040489617,0.329125176747266,-0.618188811648469,-0.708406334816244,-0.200077072623853,0.149485235022974,0.769877754891571,-0.0926344819877388,0.150536173687352,-0.234229995721445,0.504709599039811,0.0691581667015962,0.0410241891437735,21.8,"0"
71,1.33189715687662,-0.579961843235092,0.422605531843814,-0.897751526178555,-0.746254209764005,-0.05627323061712,-0.750316963446238,0.128483933549462,-0.964681778278345,0.736391419205694,1.39098159162914,-0.00804887228869112,-0.129421819641027,0.09427715103611,0.38881917965614,1.23661879113318,0.151535043141521,-1.39899032228073,0.672575069400762,0.0524891008907033,-0.0390703365042161,-0.255173945137789,0.109332682808613,-0.328448170015124,0.162253656210345,-0.447275874501086,0.0200705521150087,0.00623054348625991,14.48,"0"
73,1.16228088374727,1.24817824998197,-1.58131714797693,1.47502419364829,1.13835705875831,-1.02037340385349,0.638387285988785,-0.136762248247185,-0.805504896315487,-1.44403640011348,2.84691418640147,0.627549000359762,0.387778137472431,-3.27905430081944,0.553435024106492,0.910634311602213,2.69833745876512,1.30296347737381,-0.910148785874493,-0.0168002173974159,-0.124011770974987,-0.227149831439426,-0.199184933530595,-0.289757394899079,0.776243575715946,-0.283950225182206,0.0567468150282902,0.0847064562504648,1,"0"
73,1.23904805325795,0.29328441686901,0.0864719604369463,1.17827736420567,0.37334385083594,0.325596008488541,0.119318979095142,-0.0254762507855668,0.17321136291598,-0.154186180490806,-1.08932326215371,0.870713976850331,1.17766213495837,-0.217738013210125,-0.161084218789781,-0.533762923885505,-0.108367596982219,-0.848424962534521,-0.0566928237088181,-0.103570440854298,-0.148136187730978,-0.111892634700977,-0.173207277965227,-0.714729128591401,0.817359935189033,-0.263842751618612,0.047776818103325,0.00873538217882794,1,"0"
73,0.925996612578014,-0.358098896126416,1.37672152778927,1.90076881354586,-1.05768986264753,0.30188517422757,-0.462266225882372,0.250424398574177,1.25395803626695,-0.436371429685131,-0.681289709847305,0.999980028295959,-0.653246385458728,-0.636389371548304,-1.70266661738213,-1.28035507381196,0.987638275766983,-1.47880568177439,-0.0436122676070622,-0.12411545542052,-0.347567012662916,-0.676807451946188,0.100568222175536,0.595988712594643,0.322122078534587,-0.547495004300199,0.0787861892718886,0.0438190744716924,70.6,"0"
73,1.14818692615291,0.0858370715501502,0.120702061970257,1.12666455368909,0.214710570305157,0.537381046564081,-0.0499889896544254,0.186175354963768,0.111781471391753,0.0466093383364471,0.507646704803868,0.869540467922972,-0.322735839560665,0.26932177297861,-0.717472308854691,-0.313731636204242,-0.223905205000454,-0.227785834856473,0.179131854776518,-0.14839529911601,-0.0911116106366698,-0.0954748643000659,-0.166750151666601,-0.653433373361759,0.713020333696372,-0.288035257146426,0.0315073523443542,0.000371617835557636,19.77,"0"
74,1.03837033396612,0.12748612730368,0.18445588803405,1.10994979091674,0.441698900420171,0.945282526730897,-0.0367146038304535,0.35099499958342,0.118949540390999,-0.243289240389986,0.578062601005963,0.674729819835531,-0.534230568478947,0.446601378464056,1.12288467188201,-1.76800051360173,1.24115696274187,-2.44949986305677,-1.7472551716154,-0.33551985084689,0.10251979713407,0.605088530228794,0.0230921559314068,-0.626462660813251,0.479120272113433,-0.166936835816701,0.0812467178593588,0.00119157567493288,1.18,"0"
74,1.03837033396612,0.12748612730368,0.18445588803405,1.10994979091674,0.441698900420171,0.945282526730897,-0.0367146038304535,0.35099499958342,0.118949540390999,-0.243289240389986,0.578062601005963,0.674729819835531,-0.534230568478947,0.446601378464056,1.12288467188201,-1.76800051360173,1.24115696274187,-2.44949986305677,-1.7472551716154,-0.33551985084689,0.10251979713407,0.605088530228794,0.0230921559314068,-0.626462660813251,0.479120272113433,-0.166936835816701,0.0812467178593588,0.00119157567493288,1.18,"0"
74,1.03837033396612,0.12748612730368,0.18445588803405,1.10994979091674,0.441698900420171,0.945282526730897,-0.0367146038304535,0.35099499958342,0.118949540390999,-0.243289240389986,0.578062601005963,0.674729819835531,-0.534230568478947,0.446601378464056,1.12288467188201,-1.76800051360173,1.24115696274187,-2.44949986305677,-1.7472551716154,-0.33551985084689,0.10251979713407,0.605088530228794,0.0230921559314068,-0.626462660813251,0.479120272113433,-0.166936835816701,0.0812467178593588,0.00119157567493288,1.18,"0"
74,1.03837033396612,0.12748612730368,0.18445588803405,1.10994979091674,0.441698900420171,0.945282526730897,-0.0367146038304535,0.35099499958342,0.118949540390999,-0.243289240389986,0.578062601005963,0.674729819835531,-0.534230568478947,0.446601378464056,1.12288467188201,-1.76800051360173,1.24115696274187,-2.44949986305677,-1.7472551716154,-0.33551985084689,0.10251979713407,0.605088530228794,0.0230921559314068,-0.626462660813251,0.479120272113433,-0.166936835816701,0.0812467178593588,0.00119157567493288,1.18,"0"
75,-1.43906881704731,0.267631399445821,3.56277034049108,3.48148583392013,-1.1601005341638,1.76478063470353,-0.558817273928826,0.442018635345905,0.348430742695443,0.393253076000096,-0.972158119880105,0.515885976031085,0.497186648308872,-1.48388981820893,-0.867129646570907,-1.02016959533219,1.0625497218801,-0.359442587045979,0.88060630724233,-0.173139545844012,0.129257257818757,1.12928169997838,-0.00697809099996055,0.497337390881775,0.13051526619753,0.525668091659843,-0.088949754690738,0.113206051157557,81.13,"0"
76,-1.02457604912536,0.522289105931154,1.78769907399403,0.202672107073665,-1.14080286639391,-0.137830806092308,-0.336555477072055,0.670704377708371,0.071670263589142,-0.518978194435713,0.687066403503592,0.249020266499202,-1.24861994658996,0.343492962020282,-0.2362997432047,0.528667672880374,-0.291314513681052,0.847538604280935,0.129468112283248,-0.278965957832478,0.315867515677399,0.847564793672072,0.148876567787511,0.549790591422155,-0.58513061373043,0.32584074269725,-0.0688714464594463,0.0597131849844891,50,"0"
76,-0.997175759175411,0.2283653016759,1.71533993769907,-0.42006676656004,0.56083784473761,0.564725048029707,0.84604655039212,0.197490821018941,-0.0972018796653061,-0.439346826403148,1.30907077715745,0.859703136161211,-0.476390307910938,-0.142352493671256,-0.974915531185412,-0.606945204714783,0.00537097111642289,-0.999965377075203,-0.77409641536118,0.244289447785577,-0.0702407620402652,0.0154449531625397,0.0726510659990363,-0.272271751067005,-0.0876815148243494,0.138132122510945,0.125901816000378,-0.0630223201763689,86.43,"0"
77,-1.16572174717741,1.48533681091152,0.156418074918382,0.924378329573438,0.131745604012462,0.996965255517746,-0.167117113473697,1.26261679285317,-0.584844218410546,-0.553365711522371,0.138042275336598,0.690798548099117,-0.420525662308939,0.978769726364441,1.09781037092456,-1.91255128168605,1.780960921895,-2.12049826632031,-1.02345972946325,-0.321114244718657,0.314751516753203,1.04664758730583,0.156403559970977,-0.62812335537201,-0.702366656172785,-0.224025083092139,0.145424640271798,0.116397681898719,11.83,"0"
77,-1.18595403044578,-0.218808439910428,1.10100483146725,-1.40699712828903,1.26178320386987,-0.337709068506179,1.19174722104358,-0.427383107846352,0.27667888731535,-0.215399199955358,-0.942965253630282,-0.473709623963915,0.0616234888665818,-0.410061486786617,0.754377242022728,0.283420753656844,-0.905689819466561,-0.738459278615322,-0.454312152417315,0.0369742231420656,-0.362830380434527,-0.41881699125818,0.521401263561102,-0.922427393188322,-0.139840271878608,0.709787019645158,-0.0762487157448421,-0.383942453630986,49.95,"0"
77,-0.42719085439784,0.745708409289759,1.76181102473866,-0.165130478701306,0.0582976883227524,-0.213413376412593,0.6473232499627,0.0734641838838408,-0.291863985973533,0.0647995254906713,1.52719169534087,-0.131505745138994,-1.69691400135128,0.48212118972861,0.586417587765179,0.0345413745923004,-0.306278167113975,-0.206029883743704,-0.118938854835008,0.0528275703823041,-0.201680707780848,-0.432070050544205,0.0131642398044651,0.161606289298908,-0.401310006081495,0.0474234164543148,0.102549224305812,-0.116571479965902,9.12,"0"
78,-0.622478371733696,0.0148813952719626,1.05248873604011,-1.6445738274654,-0.538265319440916,-0.835528209228572,0.517233526424338,-1.10596237265051,-1.311740617305,0.577468382889176,0.894683099985133,-0.685602969193043,-1.86022591639258,0.510701454567437,-0.452340475323453,-1.14557493712976,-0.323949651601825,1.46241301916707,-0.986003311940636,-0.756577457579891,0.418818886286273,-0.762122340013356,-0.0989395244018776,0.502972746892087,-0.655251281123354,0.743419212113956,-0.0205680897640038,-0.11806022852343,104.94,"0"
78,-0.291241163405236,1.51568849878895,1.51435489428021,2.51836461481739,0.583647740089913,0.425560586365762,0.598690175524301,0.0567535889933145,-1.47562054250131,0.829234155228563,-1.26861300627866,-0.42758810520628,0.94638455829924,0.0793195207956956,1.28754532197589,0.282514010267811,-0.423616438217603,0.147275797346216,1.2262483065175,0.348231593648316,-0.252658885803448,-0.613055493646771,-0.126407496407886,-0.636697022482029,-0.255688273255764,0.0195712846427593,0.382580710162265,0.194254835090405,4.68,"0"
78,-1.76040248125239,0.221924152797281,0.57994989780958,-1.41319409165479,0.804876248697532,-0.353324324017208,0.869655640783752,-0.0314771123007841,0.317739046599955,-0.118295038003083,-1.05373046150703,-0.296843762372022,0.131364139882473,-0.170066568654683,0.748794674798081,0.410891393380287,-0.749974772242235,-0.745597186274414,-0.487556885058905,-0.105203803316252,-0.403692058766006,-0.478169343242452,0.261137611637607,-0.903294970597949,-0.130708919076979,0.713907127338597,-0.0281344792543295,-0.410876701219026,62.92,"0"
78,-0.590589253571079,0.235248304183249,2.35492150939363,-2.21993601726527,-0.246820701523933,-0.833337142317063,0.934430977494777,-0.670155665840942,1.09318703804091,-0.533667949256242,1.72007458279593,0.116509950830048,-1.28926917723649,-0.188769225827924,1.19267984219641,-0.519384438558427,-0.59953414068421,0.669896165768952,1.08759214731977,0.133739109656041,0.00621066972788262,0.431366265903476,-0.441621160615503,0.556214073249322,0.166215789861237,-0.055005316871797,-0.714976036833475,-0.612121572843556,18.31,"0"
79,-2.37438030624993,0.597145269577766,0.0366560996574179,-1.40698909422268,0.299692029834596,-0.341102672158732,0.624572482094584,0.369831925771012,0.344458122582541,-0.0459891820142319,-1.16788955671988,-0.128854302309969,0.204986723399411,0.0718521594855042,0.740982548300381,0.538994244227673,-0.596465353405006,-0.736379986314492,-0.524396486119409,-0.170733778205355,-0.423322797491007,-0.527399608191296,0.162979826779193,-0.894113277713428,-0.0870176755191842,0.7181741491931,-0.0113630812419654,-0.431913511366196,80,"0"
80,-0.655264276212716,0.409898542836853,1.28915643808596,-0.32504325923176,0.545669467098008,-0.349810664410475,0.648240481592264,0.0360628816033704,0.0787014163023305,-0.829167267726513,-1.78165873189534,-0.412806782520344,-0.626220289565852,-0.113361054850318,-0.714754632820629,0.120701513866132,-0.474281674313796,-0.240594669556031,0.0408234763497192,-0.0347759899640066,-0.155727058998072,-0.477390318321434,-0.126524992708454,-0.443627776856693,-0.012118142098906,0.143172915176852,0.049782585303356,0.118280286710879,32.51,"0"
80,-3.00773905109524,0.929514494266081,-0.423720855498033,-1.39295162017078,0.0822467824081475,-0.515781701182148,0.104713792402636,0.825310565895608,0.385453110355422,0.0640002245721828,-1.29310671179606,0.0621999429338998,0.271107013071604,0.328058800506629,0.72409762880152,0.638389443832553,-0.430082217839249,-0.723590224091272,-0.562830692998269,-0.151714229576847,-0.40924608012503,-0.588831627173022,0.0680450889350803,-0.890869739213917,-0.047641092795032,0.717616984694838,-0.0540936594394297,-0.42425971753604,39.95,"0"
81,1.11104797028704,0.215351844382971,0.374072563622289,1.1500006534852,-0.329767568535767,-0.898687821706977,0.30990664398233,-0.255277291166111,-0.110655138734984,-0.0575788321387636,-0.217961496706122,0.600591209357443,0.686379564975428,0.262161286299107,0.922676979028551,0.135235271944387,-0.490174913186185,-0.392752898979319,-0.315464926788021,0.031671787802255,-0.132555303999709,-0.493866878067896,-0.0107821837368997,0.380388564169084,0.456214180606351,-0.572346756048474,0.0109814630026346,0.039295013148069,68.74,"0"
82,-3.59182616090439,1.34837036791844,-0.998492354064664,-1.40236175415607,-0.596711512934507,-0.385302391822185,0.0506209624047342,1.21088849968464,0.39025994518324,0.100784630795613,-1.4066146503338,0.206760568811284,0.34612377316864,0.559501932040791,0.712692556129978,0.775015086079099,-0.285588171182847,-0.701679614760554,-0.596122630006068,-0.212115584782804,-0.432070220180652,-0.607105549352741,0.176475251280554,-0.89179849484312,0.0451454748498058,0.727963184601556,-0.0327209943372666,-0.456138378726539,79,"0"
82,-0.888004365805212,0.913669851642722,1.14608803782799,0.656290498891864,0.67727230453414,-0.326210554410804,0.888811417549766,-0.341847739873182,-0.523849469958125,0.690440322515188,1.1607934652104,0.831569260555245,0.865075613647294,-0.0180981433440251,0.328620056042374,-0.180815907361681,-0.749368971774439,0.55253266966624,0.852984404501813,0.14275693495201,0.107833277245522,0.661992966080021,-0.00471310374638105,0.0310968214756171,-0.140882142203175,-0.373698279338418,-0.157921479508364,0.0765286595208735,5.9,"0"
83,-1.86498968243287,0.910873768593301,1.72486278713229,-1.74837114894121,0.578942616730539,-0.832531161092677,1.90144032810487,-1.91398632240301,2.11237512526886,3.01435477715588,2.02398783867183,-0.481574054647983,-1.39089738708096,-1.5997493546075,0.159606591790126,-0.0565840624762845,-1.59388183315229,-0.213254061650524,-0.448706157812056,0.274876811383353,-0.318597399376679,0.0733227127781932,-0.0616934013159464,0.547204476795596,-0.466798442117112,0.408029597981387,-2.37793292201233,-1.25554915594256,7.69,"0"
83,-0.833200336381452,0.778787122616319,2.61923666366883,2.61286412878045,-0.516937610025172,0.55834600634987,0.316871357959368,0.206647108669367,-0.738599157328863,0.214340362566004,-0.295198868481263,0.100770587929843,0.0906826264049287,-0.430302035646654,0.0274976215923321,-0.335318928121807,0.37884768615423,-0.542428037329724,-0.595637214609161,-0.0108943888040242,0.188711283323719,0.678605870886832,-0.133148107735322,0.636175834361433,0.30932909090216,0.272149946712462,-0.0784607856375829,0.00734396977064072,79.91,"0"
83,-1.89733073855531,0.955626146271076,0.0525426306777817,1.27665558961053,-3.32308406359081,3.22991078905511,1.0296311475032,1.51560676354678,-0.0596266026846465,-1.46140263860712,-0.246684066433385,0.921560835398067,-0.196534711257763,0.505960635206199,0.705137678183815,-1.32862310434834,1.91514560446358,-1.935425902224,-0.930024248916703,-0.832629516038074,0.128416131523263,0.776077578903207,0.47753678520636,-0.608981284911947,-1.12089241385296,-0.41385054980501,0.061399324400653,-0.187963516242152,552.18,"0"
84,1.11927230446687,-0.669639046767739,0.80380737194635,-0.651693123040955,-1.39566597769256,-0.800698086931713,-0.601604892467805,0.0143903557227058,2.01990542694576,-1.06754233091718,-0.672739777821437,0.116007769319465,-1.12537958663102,0.0556881939022512,1.41456146861438,-0.396080395747576,-0.0906548094442851,0.504404193054702,0.460238547755883,-0.0603597669546105,0.163686909797638,0.546516454412205,-0.176835651109598,0.402555517428933,0.563401812384994,-0.534236042147145,0.0750465690698344,0.0420007983004288,67.3,"0"
84,-0.792329167474935,-0.840663719847906,2.61046458987018,-2.19633841632446,-0.396962094542518,-0.707363176755137,-0.0579337028750305,-0.54867559750644,-1.87012733463509,1.0309162288218,-0.560520266688598,-0.279432891746414,1.70851390074439,-1.60640646784546,-1.10511439169249,-0.849017586114708,0.372443684386481,-0.585503848318981,-0.231652788659041,-0.0463166899536041,-0.525187276609454,-0.776453778431644,-0.132811191380631,0.376664414324002,0.221800291477806,-0.574395508756077,-0.419351256259855,-0.277905823428481,21.97,"0"
84,-0.481375994326719,1.00340670082876,0.90618366899059,-0.423863928247347,0.760670627923092,0.377627418532502,0.587373158048792,0.133884480438326,-0.207870789641016,-0.240405330868221,-1.4532614362208,-0.526595859321807,0.0738445671686201,0.0873495585049685,1.2305762628008,0.311246138780342,-0.620259311525045,-0.329208342285684,0.187643004419645,0.0823029907311874,-0.277507154421431,-0.752696358424248,-0.145992422065669,-1.35351451619785,-0.0955157965052921,0.175811028239865,0.14422836072096,0.0996827431157687,4.99,"0"
85,1.32788388574198,-0.735011945987154,1.50244913387839,-0.544104679859167,-1.90935048161166,-0.712497650558363,-1.29281951167839,-0.00271463610629365,-0.246027540241985,0.572523067915291,0.00854685406280344,-0.336586142051676,0.675825477040005,-0.671875807833616,1.25387708963878,1.59179218526039,0.0503920025719787,-0.785112301827888,-0.0242863064241108,0.111537197244981,0.461091790067923,1.30864730749669,-0.0460310207485954,0.764374503853251,0.281841179897624,-0.0637528677447585,0.0604055846651862,0.0372961036720404,11.99,"0"
85,-4.25759743970886,1.64948916578024,-1.59124167172606,-1.37431677103176,-1.18013599176406,-0.331039533520579,-0.117991555987855,1.59203217880204,0.415995684621653,0.159163276811326,-1.51628841310575,0.374064569980906,0.427174360397596,0.803874467017676,0.713170739365249,0.915793496657271,-0.134021723075592,-0.693337258176591,-0.639567570341767,-0.271984945531879,-0.452567807258146,-0.671702516969645,0.00142227623255675,-0.876376517702495,0.0700982199959621,0.729582298647766,-0.00294237126286868,-0.481496957963412,124.67,"0"
87,-5.10187714438251,1.89702180383666,-3.45803355505567,-1.27754276611629,-5.51775792247239,2.09836622063034,3.32960344883519,1.25096633414932,0.271500549724784,-0.305482722468726,-1.47338307942627,0.272913238050306,0.649418935168229,0.899810726121981,0.874542742818783,1.47175273507882,-0.144793356897002,-0.725518954658766,-0.698935585089018,-1.27047801350269,-0.871743638420889,-0.67887949744918,-0.555899892854463,-0.761660256352362,0.0666111325203478,0.767227442874053,0.731633869437517,-0.86030977828474,919.6,"0"
88,1.28722646741254,-0.824683124445629,1.34642285100624,-0.525627995561867,-1.83300721378836,-0.47771471041492,-1.22421287337865,0.0147739055213027,-0.257812863184438,0.602162142855574,-0.542351913240157,0.00515033459623397,0.865138144329852,-0.468678833686932,1.45624187104145,-0.635621930948022,-0.370548712528123,1.5855506721557,-1.17988849989395,-0.378924419765328,-0.147632993886079,0.0577646874384738,0.0521053807113755,0.428754688296718,-0.0369786584767133,1.11215154166893,-0.0036781387990399,0.031920218188089,30.9,"0"
89,0.270724788018374,-1.61531675793543,1.05498208933769,1.66150992680822,-1.73768723327398,0.0658942564361547,-0.313976970660536,0.089081060484319,1.0698420716342,-0.348638228423022,-0.853895732309013,-0.0182432526363106,-0.478344394930087,-0.189957268178065,0.961578820181142,0.557157430706669,-0.459495877902386,0.644156866001741,-0.707148178847014,0.754994490076606,0.475338160340171,0.496083005507747,-0.48219447458882,0.418870918923689,0.235960794484276,-0.265185073469453,-0.0010625500801167,0.120126074722096,459.39,"0"
89,-0.58985594431031,0.933069872085511,-0.268072620732792,0.125244627239472,2.39699176873031,3.87794520049758,0.189985382765024,0.960388587508909,-0.230000129467768,0.295110184147811,-0.596572414069867,-0.118180797970475,-0.211613863019969,0.0633812687719764,0.179691246589452,-0.608157331324541,-0.159369564369714,0.203083947961651,1.42450964479452,0.401336397946736,-0.154397329642493,-0.174834146347359,-0.201368584047207,1.01343875338307,0.194412480408354,-0.231764974031582,0.54114688698825,0.255373812796189,37.13,"0"
91,1.27613378318593,0.211469551986265,0.143000512396923,0.370050108552843,0.154747757298249,-0.0322548065974183,-0.00302963607407454,-0.0388869021977905,0.0307145094041013,-0.121891338443057,-0.66775952719129,0.416796290222112,0.891448167065232,0.12797407776385,1.29579881405919,0.233767076313957,-0.475059864014191,-0.772852171030794,-0.164436556339477,-0.0686876456871939,-0.279653853055914,-0.747703710787254,0.0568079591166163,-0.759463816797418,0.271640808310009,0.174757089295966,-0.010770298927071,0.00810374786889124,1.98,"0"
91,-1.8222727282391,1.2353355360103,-0.307804336520275,-1.82182380601887,2.76248234950213,3.64149863257966,-0.344614256131826,-1.54754127714559,-0.138239381296369,-0.467174474610515,-0.465556872101249,0.0186616390740908,-0.311232833495098,0.279316466600276,-0.0471468756238743,1.12062679695734,-1.45787967744609,0.107840059247513,-1.49748357576914,-0.8536753382145,2.08084818658139,-1.59188823203076,0.32163566535622,0.889257765383001,0.156445389453704,-0.960610513468275,-0.0353018526425464,0.182320648854855,15.89,"0"
92,-5.28597051304752,4.84732319710781,-1.29036838470117,-1.42784235292307,-0.621533345889751,-0.604690515102398,0.437865925106838,0.336383683868803,3.55837329973788,6.4278019661735,1.40138317182184,0.667167376868207,0.314681508767306,-1.86065309400076,0.558541544083882,0.31481518341068,-0.701307703636703,0.206092479982718,-0.208238494122918,2.96248383056173,-0.923604053695745,-1.17118681893254,0.150871587161535,-0.493322254446682,1.05055390669023,0.194864957631265,2.49050305486782,1.57537979926625,8.95,"0"
92,0.60715301412013,-0.957413453834804,0.761504742707707,1.59005044874457,-1.17729790317762,0.0112319094956137,-0.166991305407512,0.152720248155831,0.742860452423351,-0.151018327613245,0.721459238691319,0.710085753600131,-1.3294352693582,0.130804275800688,-1.12238228967438,-0.175297279720695,-0.059694845219295,0.336360543667161,0.154421941358819,0.304713575525421,0.166237128199634,0.100681792050183,-0.317000779925164,0.543778052174367,0.484232348438572,-0.330425244241288,-0.00154535131214776,0.0620979870648436,268.78,"0"
92,-0.238410956047651,0.509262765356428,1.95200070367158,0.779065947843994,-0.378940129678235,0.251136557509835,-0.0724120571147944,0.228754858539793,0.210899589494045,-0.373814133802278,-0.715860805290488,-0.046921901071111,-0.334018211683408,-0.245975394600895,0.628314055814284,-0.781586719542126,0.536186774872255,-0.283086494259136,0.681959757026682,0.00460603722390282,0.217448611754668,0.903776545439349,-0.121348659882854,0.141224739734299,-0.613853852033799,0.57592017928351,0.193591768719634,0.165131782369547,2.99,"0"
93,-0.853806863875249,0.127391777442852,1.2672771847863,0.678584065122573,-1.02985062070327,-0.487613778460127,1.83607056545836,-0.298566310697668,-0.922127301737343,-0.6456555502674,-0.0262606554548169,0.029031526821081,0.407479906126992,0.230361856125657,1.12755332917165,-0.256717550760327,0.00837543153818926,-0.117399809858643,0.426384998666321,0.776141055393119,0.252358331517131,0.179724846964078,0.476744429707983,0.724705288655359,0.526797801590198,0.502700650255085,-0.159465352145464,0.00276122182443361,322.44,"0"
93,-1.64001427310525,-0.479831345687393,1.6136303238364,2.99797900171977,-3.80378772076623,5.05181166334072,3.31525432238236,-0.303785107902017,0.67139514660518,0.744103698753774,-1.22296868323308,-0.646556853273468,-0.374187136711405,-1.72373655590874,-1.32474264338809,0.324962276369046,-0.485513702788495,1.39633216392032,2.15690530084446,0.124193432099449,-0.367932781073965,0.641890662360821,-0.405778682880908,-1.26869971421881,0.494090343786022,0.610966603009548,0.60899260557206,-0.410034097693692,937.69,"0"
95,1.05702132888882,-0.646955978097134,0.729166618803734,-0.569262361965939,-1.1743066741568,-0.5276248052075,-0.47167670695201,0.0517436300415986,1.90401819240952,-1.1766089765146,-0.164332742411704,0.760978828436847,-0.60895327837157,-0.0521298971507663,1.0059915731353,-1.16846424875838,0.488780704900362,-0.343177494721286,0.176030875807262,-0.0701368353279818,0.186184431139074,0.743093175837854,-0.163619313695516,0.453569600602831,0.615478766129355,-0.508562086508857,0.0895530601605187,0.0376169124459775,69,"0"
95,-0.343711497676269,1.1186146192938,1.29338582325726,0.0647623026512558,0.0234806934657139,-0.99274083495332,0.695814203702988,-0.064808618412452,-0.373640008273975,-0.506204372674066,-0.234254062001307,-0.150923955081569,-0.0188397987172051,-0.401925750231587,0.908911728338334,0.388386695573312,0.0166781114256324,-0.122330779875699,-0.0901059356072305,0.104410175771936,-0.265392000744147,-0.700550128568435,-0.0142797874431918,0.330615152994571,-0.165442460864583,0.0723415925705452,0.244881833769826,0.0980481585848094,2.28,"0"
95,1.31617764954493,-0.10559397597174,-0.246480374444475,-1.18571467546077,-0.119566416811247,-0.6133990425377,0.00735851330559413,-0.136794233100655,0.847826739950933,-0.784714585550632,0.875526045375372,1.28025633024338,0.568554208232383,0.443198995660283,0.941475179139175,-0.193448214750293,-0.789121823525332,0.782232082791554,1.08294809878098,-0.0422383719338491,0.0931183643140403,0.404571088452455,-0.282550625708053,-0.456798917918001,0.895367550027807,-0.561880177820172,0.0447943424160723,0.00318061289690135,7.21,"0"
95,1.19557161849305,0.258857846103526,0.635796445589976,0.641257360106036,-0.395081077830257,-0.69466665065234,0.0340864517732639,-0.124346327485699,-0.0784002507894138,-0.128968445934799,0.407234503297602,0.90433999623573,0.881174107923801,0.159115341592959,1.18925554996116,-0.115160913422487,-0.0626577337266974,-1.17685513223138,-0.604592768288639,-0.0954206848593288,-0.201249004659988,-0.516924959230288,0.199095572062226,0.412551922326977,0.122983942243107,0.10193960468205,-0.00784559346217399,0.0202140084131656,1.29,"0"
97,1.27381789287239,0.0580090544630036,-1.31242763447362,-0.0489688219755029,2.2443730490817,3.29621142010218,-0.342624648072111,0.760869775317302,-0.154915304214236,0.068384951397303,-0.161823827705382,0.0292246193395541,-0.0206316861725242,0.528189225867633,1.10597698611605,0.375591596223863,-0.926724745512419,0.292544448245333,-0.00288674673124634,0.00890562616536168,-0.0172920944609741,-0.182882699753908,-0.146980903083662,1.00470003322996,0.842882626683356,-0.314280812961772,0.0137442559543499,0.0159071705760456,17.8,"0"
98,-0.646513324100542,1.00419850064253,1.61622395046255,-0.0996280015000763,-0.12247685082686,-0.671326722363723,0.656183050929891,0.00975509061850092,-0.6359632919451,-0.0473640939765236,1.53093752074106,0.824084110047441,0.148016384050428,0.266959455514816,0.120395389180657,0.319464747264325,-0.593328286482491,0.044223291332264,0.232081457920242,0.0931905600426426,-0.147934496844679,-0.420045847357141,0.0614243996703537,0.520997080284645,-0.238845350850685,0.0301351020966576,0.140480523947087,0.101163284755117,14.98,"0"
98,1.02711436915778,-1.2725428662228,0.673656443011109,-0.747435800812143,-1.2991070607699,0.293656210351348,-1.05419978026175,0.234899955174753,-0.574990847945411,0.680725593968166,1.21834828084553,-0.247881782174543,-0.242920244872586,-0.103666776917496,0.767171902396622,1.5231419165359,-0.000751675104036528,-0.604428955906459,0.23446053259323,0.345875660383277,0.522112894018293,1.10191150591042,-0.248747022416765,-0.259413925287394,0.296057687734508,-0.0309956046666607,0.0184648520232704,0.0334818412804383,159,"0"
99,-0.883995649772828,-0.150764822957996,2.29179072147755,-0.263452268327782,-0.814535284284635,0.955840627763703,0.0976306732312271,0.474046969090009,0.139512299928856,-0.729861201923768,0.711062608544338,0.095006434720644,-1.09750534430121,-0.0597015195949617,0.234557225294908,-0.142193908419341,0.193357555365588,0.217853313993545,1.15557112117309,0.358751010196778,0.0709014399364962,0.0518320695040774,0.110297657345214,-0.260628692852532,-0.0975487192089246,1.15543923721475,-0.0211993299630798,0.0625654360473211,142.71,"0"
99,1.08103308286119,-0.256543414077899,0.426971282518349,0.918113221801196,-0.74608890807817,-0.721434576539624,-0.00165171154497852,-0.0874432978653397,0.642918526251053,-0.193126804294257,-0.871536953810169,-0.180992768845677,-1.26492930736701,0.195432880503186,-0.0657752415625342,-0.215175000869123,0.106294906240277,-0.546801782361792,0.201309044557549,-0.0420238233605164,-0.19914528931969,-0.626734757701285,-0.0407289921925922,0.387424948819542,0.38313942795245,0.265193707600305,-0.0450308491361465,0.0236951165551506,84.39,"0"
100,-0.378601661083143,0.274578968122152,-0.129487731899236,-2.68279898796446,-0.731374622729684,-0.226354213178799,-0.0069493417805235,-2.77898321007536,-0.233231930179026,-0.588714056156709,-1.30768209965935,0.0645983138103832,0.0831907930908125,0.464692016093436,0.847697870472098,-1.54979915478681,-0.319687585986572,1.0867193428076,-0.444441081910201,-1.13379893071232,1.42614567629838,-2.77692339243974,-0.466755870061091,-0.714696527705741,1.13672014940456,-0.981992913835548,0.356780521706937,0.148444038792906,182.95,"0"
103,-1.40900945232726,0.56349250557035,3.350717448401,-0.436893036215523,-1.12346735730314,0.256345113515164,-0.253389869002478,-0.795814176328408,1.42195353626503,-0.681589991684782,-0.680795734506939,1.39846316174049,1.1149291547091,-1.89459455741933,-2.18914668158254,-0.640207205790668,0.334833423615037,-0.835911605027666,-0.0706198923933176,-0.0286012310991169,0.66558541540366,0.170281348729688,-0.231556647153314,1.06722019805911,0.279905966725531,0.988255366052758,-0.105953908087145,-0.0737791122395499,23.27,"0"
103,-0.94089283998755,1.07415476403598,1.75939808911823,-0.601445606762116,0.101693491307097,-0.188519562882799,0.455755574843192,-3.46068233987222,0.44152478035891,0.917818019602551,0.877285383147595,0.338268788318739,0.646250019568957,-0.828662236334628,1.46495178250051,-0.915166509111332,0.171665239642358,-1.05413345658208,0.276801460398185,-0.209017984434795,2.27006905329443,-0.143518425457465,0.153907528940753,0.700926779396507,-0.413235123170453,1.37403121107089,-0.996161004289688,-0.836300917104019,9.99,"0"
103,1.24574380820264,0.438877833136776,0.316139712119964,1.10763386163901,-0.178446390914408,-0.941091406879978,0.28629079086466,-0.290078758689611,-0.16918768529847,-0.0144197626279019,-0.226204311031401,0.721304543089617,1.00328887087612,0.188863752059268,0.809650212377632,0.00306744392780962,-0.48519809307413,-0.273608970055991,-0.375639843902567,-0.0797760112567192,0.0386207559047021,0.208206880236853,-0.111478529801775,0.419906811369544,0.722345321637519,-0.331446190928426,0.0203370278097862,0.0224429176753734,4.19,"0"
103,-6.09324780457494,-12.1142127363483,-5.69497318304808,3.29438945633196,-1.41379209198987,4.77600042454058,4.80842581669219,-0.228197008316221,-0.525895940525179,-1.72489902822119,-0.362818000903783,0.28615530050452,0.487835785527501,1.2599571205769,0.660404704229974,0.455263193477443,-0.497643848526374,0.792268766322312,-0.978442216379243,7.74422243482949,2.22882259543164,-2.26403733889794,-3.55338061765328,1.21527882183022,-0.406072898984334,-0.653384490244203,-0.711222163007979,0.672899853277743,3828.04,"0"
105,1.00023398953512,-0.295227309545877,1.30825945328411,1.25775331219882,-0.967532356635927,0.460244740246879,-0.781849887517497,0.424415295091274,0.790908383185886,-0.0548552416028776,1.10942253488459,0.692676219577188,-1.28922950837409,0.119761286317155,-0.151407244643266,-0.0181398983309231,-0.0779534979170216,0.0687653215737683,-0.357320547697496,-0.1831577458813,0.0327297008603029,0.179643813332115,0.028786241578934,0.203488767308156,0.234992150068937,-0.408458874921523,0.0726154817250423,0.0288922433285353,35.97,"0"
105,1.17509409290025,0.408263222486937,0.552145162552809,1.25506774352009,-0.196661846641246,-0.565605334235445,0.133973043983473,-0.146201793047965,-0.214154854321393,-0.0113099220413024,0.290717393518602,0.975735119378514,1.11797884157389,0.144788242212605,1.03795397198921,-0.292528572688993,-0.142180747799833,-0.767216348526704,-0.962710670280961,-0.116438813620283,0.130585107465626,0.523639841513537,-0.0501247366334816,0.448133322165683,0.597867267728976,-0.275067087432602,0.0433080908596782,0.0239235573333675,1,"0"
106,-0.306311185528508,0.991271929056655,1.41449133035288,0.85524364437367,0.334283708948629,-0.728260272336753,1.05882294711457,-0.469840070366507,-0.534718401676666,0.0834514646660113,-0.325902466381594,0.104766198356769,0.617334626842187,-0.0207609419200812,0.989615078440159,-0.441970511465261,-0.337034374042725,0.0032178542139356,0.437685967630666,0.09011820647064,0.1280077794201,0.58032885712375,-0.202140502698341,0.416114350078504,-0.2718338748217,-0.377566612920787,-0.113644490497312,-0.0522830251225106,24.57,"0"
107,1.17512477712478,0.661341182443299,-0.477476459726092,1.10254155929068,0.543328123510814,-0.246784793144828,0.165233833222452,0.0270178670459933,-0.423143759370462,-0.574065139554621,1.85338750709333,0.87053110531884,0.49656635223758,-1.25101652850784,0.598736836436348,0.56782018880551,0.76816301951936,0.672152248810745,-0.574586718144369,-0.0694145756531971,-0.00307055575344255,0.0937380027176907,-0.154354624142279,-0.425096766539489,0.652435395978235,-0.296802233869997,0.0514246611015068,0.0418756139010888,1,"0"
108,-0.817164489969121,0.548007876102878,1.98742900112693,2.3476202744003,0.0368877421359418,1.50952321014436,0.692961314176488,0.508962009401622,-1.25429675386016,0.174445162255293,1.10403832340459,0.309737812044991,-0.837951587211725,0.214179328423134,-0.527740106897755,-0.422317897460667,0.395338553436818,-0.713973036325154,-0.217067008221473,0.23386480414758,-0.0473359938181992,-0.324229307041844,0.23197950515392,-0.335247980507064,0.161931952468869,0.0146944525029652,-0.0286911681326172,-0.0152570002248224,148.43,"0"
108,1.20606523917482,-0.124884657032952,0.118939145289695,0.0237349897103378,-0.549086910063904,-0.949920328551684,0.0708504474888013,-0.125881143133503,0.136791406984301,-0.0713090481052341,1.29067211004062,0.732146691784496,-0.841318571460324,0.502670309047714,-0.496897322296388,-0.164947888104994,-0.064146614481136,-0.247691313675293,0.577806558682599,-0.0842443493263415,-0.0181849497446971,-0.0184539828304339,-0.0845139870486049,0.627739333020967,0.456423963625142,1.09164527702942,-0.107970427358111,-0.0135916772503965,25.8,"0"
110,-1.2768303373631,-0.903556664358583,1.47710493531168,-2.58262635143846,0.635981274978341,-0.866537099352403,1.13806700345536,-0.924605090540022,-0.221503704356817,0.0966492553501041,0.982597805514647,0.737270798178983,0.521464722754001,-0.625923233929635,-0.564183198681789,-2.44488493773,-0.533630526442136,1.5773501120112,0.100918483467868,-0.431082639097519,-0.482119219464462,-0.182517593894064,-0.614101127966715,0.0376495329555174,0.793079737172211,-0.724708292810873,-0.616486478700911,-0.485984847090022,110.4,"0"
110,-0.59193265098725,0.111272818723084,0.69912564705995,-1.53607403341752,1.19320773057234,0.648895578872548,0.79670565794726,0.0169037341647528,0.789663930247757,-1.24622769732289,0.55534993849558,1.08902380848548,0.361765706492041,-0.0215200834519412,1.4338612000903,-2.62709475151096,1.17681211290546,-2.15767158390958,-0.567089194618146,-0.176300299410601,0.205963552629143,1.21619482699188,0.0933956348806911,-0.900310153126571,-0.423966470230816,-0.607856582707545,0.0177045839360049,-0.0767455100067353,13.95,"0"
111,-0.820860221930224,1.02256699049175,1.99656036169915,1.18014079298997,0.23246391182995,-0.123952548420137,0.68437085440523,-0.00825643661098835,-0.572410302591121,-0.404867209858296,-0.21218019225754,0.551737262877182,0.372832934947538,-0.119547733464696,0.0607856351396351,-1.23971372972954,0.648088500648891,-0.904013395378799,0.405413726142493,0.00516363271477244,0.000169258209471237,0.183382416880244,-0.299915114850891,0.431806370164418,0.456705484946915,-0.21329819904988,-0.0331607823937121,0.0883719924514249,9.99,"0"
112,-4.81602179918938,-3.34506105842244,0.566005641861995,3.96056779589727,-2.4954000253269,3.69136464456537,1.6033598578171,-0.0718012191562666,1.09241820405725,1.14581874359248,-1.22968693847166,-0.186777965538091,-0.0638645712803501,-1.41896284130383,-1.00637482143641,0.717839259413653,-0.333451260366958,1.20895055695515,2.24569699971514,-1.1326599747542,-0.797155075656228,0.260092570665231,-2.71227594238918,-1.02043560096365,0.0709897455066482,0.619085659323231,1.72070651812871,-1.64855313000651,937.69,"0"
112,1.10269785705561,0.103965142709557,0.934478733719531,1.15270351530252,-0.693597247497202,-0.584580296253587,-0.148439159372456,-0.112030900054251,0.196749802274369,-0.09471489685176,-0.216930687482548,0.752229419680038,1.08776025114597,-0.067945683641176,1.1955439673763,0.453200243426781,-0.667451667479776,-0.0596036413323407,-0.517138729789525,0.0370951046959812,-0.017210745536353,-0.0987807452578824,0.00333137451290343,0.39441157394013,0.33420826294862,-0.520700113221628,0.0459516846513113,0.0480047253176539,54.99,"0"
113,1.14755385606263,0.543491090615494,0.504579173142876,2.5179299142237,-0.123554818225441,-0.611119916113576,0.273075895849476,-0.173271031106327,-0.809549379494026,0.692369323469838,-0.547658436481891,-0.100281310597381,0.0546553073357424,0.333657162698395,0.436718095681099,0.593333947613198,-0.593651498010715,-0.289229422890957,-1.01408999159205,-0.0978375139247331,0.0259730727018773,-0.00828732956015141,-0.0816240790316241,0.379390351060374,0.558205979297513,0.0337555033257982,-0.0222306028310983,0.0240453317436497,31.17,"0"
114,1.16911745724664,-2.01964603824559,1.50281141626919,-0.664842149461255,-2.64152244406894,0.270360035166807,-1.82866633574985,0.230067468132735,-0.131122535022019,0.978759816353966,-1.65311594656451,-0.704566706165627,-0.540051903896566,-1.45783428916078,-1.93419306429604,-1.13042225756587,1.38413583215272,-0.101462884792445,0.38854905222173,-0.178579738182363,-0.248413824383564,-0.152602620727033,-0.0971259514402618,0.409141771038727,0.31788886601838,-0.0913743437417587,0.0837906193850804,0.0509766543240261,131.95,"0"
115,-2.24056572191529,0.466023038292295,1.56613613736799,1.15848966777267,-1.62013465563869,0.743998282497071,0.225636113226315,0.720140181494482,0.101541135417239,-0.573687310663116,-0.839027265629749,-0.330798396247925,-0.865283899917701,0.23113034873687,1.28899475662297,-0.0891426956714233,0.400883000881071,0.0611783471947238,0.202225384723062,-0.423730011618473,0.0481451837017519,0.310024967369326,0.109136184859903,0.0724146882648853,0.178580542390276,-0.283594306037548,-0.55908971386237,-0.286753300980859,179.84,"0"
116,-0.534912930646031,0.550683624556609,4.01756141829354,3.25490375515251,-0.919558650379071,1.64471618107519,-0.638287210973655,0.432395643880143,0.000158196245559405,0.501194757724291,0.446253533565457,1.05272566819276,0.451786444774446,-1.40274889745527,-1.8701476982921,-0.61916599452866,0.436712872647156,0.612060646858057,1.52257262366826,0.247874081064167,0.147772108524608,1.09622493797845,-0.416072513598601,0.628185801350945,0.10629000983289,0.474380524304612,0.0192600756334712,-0.126125634512571,0.76,"0"
117,-0.393673330891467,1.03088926864734,1.29553741753417,-0.0459166367696674,0.0260693820466858,-0.658290361972533,0.599278285858657,0.0988480800331637,-0.585184256986722,-0.334395962321431,1.40405022462216,0.354080145184697,-0.440986583545468,-0.13761445994482,0.2460902894586,0.60322848584058,-0.216443468841894,0.418240107556668,0.200964021982774,0.10773527372277,-0.214126644662377,-0.616464590704485,-0.00749029669595838,0.264322695241055,-0.203997760647859,0.0559648238629096,0.236596480890828,0.0874964302921489,9.44,"0"
118,-0.484765915667271,0.871049284125748,0.0124548316871759,-1.3013655315084,2.5232282142097,3.40165968565938,0.341355899288644,0.723834616601492,-0.186282461184594,0.264360569566329,-0.0667908554132422,-0.33057450564243,-0.0838324710861966,0.0118242820166832,1.08667747930009,0.425789482231236,-1.00453487036245,0.05546745829809,0.360012461277617,0.415818806642529,-0.364792171913002,-0.898622200328134,-0.0807798503485937,0.979548869623304,-0.00993659201203967,0.0627849165181089,0.213169121940573,-0.0514329085850456,8.99,"0"
119,-0.945643150917264,0.809179798181143,1.82057620102114,-0.494431533488855,0.493423276894544,-0.839303367032576,0.650601590480223,0.0766325541448453,-0.841034144614585,-0.870712933067822,1.35181125954006,0.425999845827425,-0.329388904885587,-0.161042977253476,-0.142194202184157,0.834369920367561,-0.448076653238289,0.33947023336402,-0.396618082685901,-0.00964084023559326,-0.167601908894801,-0.720771458464443,-0.152724278883535,0.268791462262009,0.193233508897251,-0.00657450012991173,-0.0219627382272518,0.0664726688764987,4.49,"0"
120,-0.837126354398089,0.826758865592969,2.51023567423443,1.44509291321896,-0.337731229798627,1.48138678570834,-0.246013651546006,-1.51087320013049,0.871062926191788,0.266694531756786,0.722411237914962,0.911075514272718,-1.2251858983109,-0.806633723212651,-2.00400658006393,-1.62985834467769,0.919442511382094,-0.56777653747475,1.49602063873132,-0.291780008167088,1.19046822280268,-0.7477696560637,0.147556319751399,0.190921099966012,-0.50239513545555,-0.522722548391185,-0.155818239572025,-0.291256365449941,13.94,"0"
121,1.29090614868327,0.139286035237072,-0.445588342975989,0.13095910128326,0.630238069708655,0.688706119953322,-0.195526518831402,0.246893586676557,0.0322855016962728,-0.127417519772043,0.144478777544791,-0.0701058612175116,-0.531605767397696,0.0239837429136153,0.876738363528183,0.931556944372061,-0.551523911584822,0.428627924947136,0.390731718250346,-0.106256366343218,-0.332821904977461,-0.999828306987117,-0.0559828814564682,-1.77691818212566,0.311470733844006,0.217043326693407,-0.0189591270010729,-0.00231797923049135,1.98,"0"
122,-3.45766642972427,-2.95879553522009,1.39751549529117,-0.395490031184213,-0.186258719717607,-0.407005835705011,0.384979686395732,0.229338228535296,0.836471434903631,-0.547604554098079,0.447670857309593,0.298203573132664,-0.835069165283174,-0.310723400970721,-0.74576174665774,0.852457854798197,-0.748163116684125,0.496480160037587,-0.0667364364927869,0.643695516879064,-0.0260439218909142,-0.219128406710224,0.61935264548304,0.0578583368145693,0.162335271201839,0.869619703193581,0.304377823365021,0.625509491431665,500,"0"
123,1.12691551061923,0.0835575345021616,0.404825467857869,1.28492396851815,-0.186917630679554,0.118166649589666,-0.116458052554652,0.197992163978085,0.205096271226912,0.0791615963985143,0.964340541667041,0.608312440620669,-1.3606906105333,0.48936219540921,-0.668958938436524,-0.472562270658398,0.0771358829607356,-0.342024019981354,-0.0684298059101288,-0.258414580213567,-0.0652507880390442,-0.0366656597077905,-0.058418414647395,0.00719674347897782,0.595839018493472,-0.325942121239138,0.0291274225720082,0.0028628488200969,5.45,"0"
124,1.22552063988694,0.205458625261671,0.45640396539633,1.35721142889232,-0.165947934730766,-0.134656176794122,-0.00595050321983151,-0.0995180473130046,0.405862449037361,-0.14758971275519,-1.17418289711319,0.822941798024418,0.979954239689963,-0.370072742752254,-0.526454355709404,-0.296737263612262,-0.248757705404717,-0.340424734254566,0.157135053015025,-0.0736655793514676,-0.0826987851057603,0.0606465176520595,-0.201782412949247,-0.0917878488037291,0.843104013119382,-0.242185997917655,0.0432375001384376,0.0192012177249823,9.95,"0"
125,1.120739860413,0.406609252758093,0.148298861063334,2.27828737305931,0.278657019904949,0.229429333584102,0.105052844235851,0.189315826603837,-0.888818682817674,0.88440499260597,0.777159401281327,-0.391979220880458,-1.85457482236415,0.984070195745703,0.069376685961157,0.547790986137547,-0.514649944473066,-0.0662797059297247,-0.853078690094573,-0.256506080801085,-0.00256704857855998,-0.15331820381889,-0.0659941536681546,-0.356019132607734,0.483509181994204,0.0434206956872784,-0.0298913335754975,-0.00250959262820281,17.92,"0"
126,1.15555123370134,-1.10126751899937,-0.305631341294639,-0.778856463994039,-0.381772071103711,0.594897406959902,-0.531349129234516,0.151419105085335,-0.614296672207681,0.595859409549656,0.156744143658935,-0.3150459968681,-0.517760870471471,-0.097784442469345,-0.844046458780752,0.760601097351721,0.364469360505449,-1.22231268178741,1.27128641355693,0.274289744449239,0.124286875971383,0.15351925566873,-0.335018810292433,-1.11680350253487,0.671235657076662,-0.0722338574000611,-0.0109952715569239,0.00361673154820841,136.3,"0"
127,0.441686313470283,-1.21029112728496,-0.304713538964251,0.198863892423121,-0.0682522840716609,0.832657962571978,0.338045887262479,0.172037489065387,0.161676313254681,-0.612637553773408,0.857524375468252,1.0730511185326,0.335666052527472,0.280399387393662,1.19974698031643,-1.6744514591453,1.3797764550413,-2.80112453148014,-1.41776307437849,0.482461426256502,0.263010045643248,0.312764775798706,-0.222596345599867,-0.496815818678937,0.0772928755275407,1.1924807954608,-0.085104842185709,0.0407335143424422,343,"0"
